{
	"info": {
		"_postman_id": "b43c75e2-3c86-46b5-a3dc-89a3c17effea",
		"name": "Billing application",
		"schema": "https://schema.getpostman.com/json/collection/v2.1.0/collection.json"
	},
	"item": [
		{
			"name": "Feed Data",
			"request": {
				"method": "GET",
				"header": [],
				"url": {
					"raw": "http://localhost:3000/feed",
					"protocol": "http",
					"host": [
						"localhost"
					],
					"port": "3000",
					"path": [
						"feed"
					]
				}
			},
			"response": []
		},
		{
			"name": "Get All bills",
			"request": {
				"method": "GET",
				"header": [],
				"url": {
					"raw": "http://localhost:3000/billing",
					"protocol": "http",
					"host": [
						"localhost"
					],
					"port": "3000",
					"path": [
						"billing"
					]
				}
			},
			"response": []
		},
		{
			"name": "Get total Sales",
			"request": {
				"method": "GET",
				"header": [],
				"url": {
					"raw": "http://localhost:3000/billing/total-sales",
					"protocol": "http",
					"host": [
						"localhost"
					],
					"port": "3000",
					"path": [
						"billing",
						"total-sales"
					]
				}
			},
			"response": []
		},
		{
			"name": "Get average price",
			"request": {
				"method": "GET",
				"header": [],
				"url": {
					"raw": "http://localhost:3000/billing/average-price",
					"protocol": "http",
					"host": [
						"localhost"
					],
					"port": "3000",
					"path": [
						"billing",
						"average-price"
					]
				}
			},
			"response": []
		},
		{
			"name": "Get invoice count",
			"request": {
				"method": "GET",
				"header": [],
				"url": {
					"raw": "http://localhost:3000/billing/invoice-count",
					"protocol": "http",
					"host": [
						"localhost"
					],
					"port": "3000",
					"path": [
						"billing",
						"invoice-count"
					]
				}
			},
			"response": []
		},
		{
			"name": "Delete all bills",
			"request": {
				"method": "DELETE",
				"header": [],
				"url": {
					"raw": "http://localhost:3000/billing",
					"protocol": "http",
					"host": [
						"localhost"
					],
					"port": "3000",
					"path": [
						"billing"
					]
				}
			},
			"response": []
		}
	]
}